Nome,Email,CPF,RG,Telefone,Endereço,Organização Militar
Usuário 1,usuario1@exemplo.com,216.757.058-95,48192398314,29085359789,"Travessa do Sol, N° 720, Bairro 41",10° B Log
Usuário 2,usuario2@exemplo.com,042.024.809-96,235926207771,29085359789,"Av. Paulista, N° 788, Bairro 17",2° Cia Eng Cmb
Usuário 3,usuario3@exemplo.com,471.809.408-95,129909392750,29085359789,"Rua Tiradentes, N° 606, Bairro 5",12° BE Cmb
Usuário 4,usuario4@exemplo.com,959.804.540-47,959279434675,29085359789,"Rua das Flores, N° 373, Bairro 40",2° Cia Eng Cmb
Usuário 5,usuario5@exemplo.com,501.014.998-25,945323448017,29085359789,"Rua das Flores, N° 173, Bairro 42",Não sou militar
Usuário 6,usuario6@exemplo.com,716.946.677-58,61325658861,29085359789,"Travessa do Sol, N° 895, Bairro 7",2° Cia Eng Cmb
Usuário 7,usuario7@exemplo.com,170.950.474-99,23507512098,29085359789,"Rua das Flores, N° 869, Bairro 39",12° BE Cmb
Usuário 8,usuario8@exemplo.com,573.382.592-83,931504770897,29085359789,"Rua Tiradentes, N° 475, Bairro 11",Não sou militar
Usuário 9,usuario9@exemplo.com,786.657.313-18,705399714230,29085359789,"Rua das Flores, N° 525, Bairro 14",12° BE Cmb
Usuário 10,usuario10@exemplo.com,088.999.331-97,85315301498,29085359789,"Travessa do Sol, N° 612, Bairro 23",H Gu A
Usuário 11,usuario11@exemplo.com,617.582.549-71,222823827709,29085359789,"Av. Paulista, N° 313, Bairro 19",12° Cia Com
Usuário 12,usuario12@exemplo.com,340.767.604-25,9855692398,29085359789,"Rua das Flores, N° 688, Bairro 40",2° Cia Eng Cmb
Usuário 13,usuario13@exemplo.com,226.234.421-34,321217590261,29085359789,"Travessa do Sol, N° 10, Bairro 30",6° RCB
Usuário 14,usuario14@exemplo.com,338.122.612-60,237677790317,29085359789,"Rua Tiradentes, N° 449, Bairro 5",10° B Log
Usuário 15,usuario15@exemplo.com,046.410.555-21,17476806528,29085359789,"Rua Tiradentes, N° 894, Bairro 19",H Gu A
Usuário 16,usuario16@exemplo.com,135.234.394-00,35402345976,29085359789,"Rua das Flores, N° 326, Bairro 21",H Gu A
Usuário 17,usuario17@exemplo.com,012.112.642-03,45785190979,29085359789,"Av. Paulista, N° 857, Bairro 15",10° B Log
Usuário 18,usuario18@exemplo.com,982.193.395-51,785294186800,29085359789,"Rua das Flores, N° 212, Bairro 27",10° B Log
Usuário 19,usuario19@exemplo.com,328.802.713-55,94994953123,29085359789,"Av. Paulista, N° 332, Bairro 21",6° RCB
Usuário 20,usuario20@exemplo.com,117.029.984-95,972867625582,29085359789,"Av. Central, N° 697, Bairro 35",2° Cia Eng Cmb
Usuário 21,usuario21@exemplo.com,808.609.055-86,55055153479,29085359789,"Rua Tiradentes, N° 113, Bairro 21",2° Cia Eng Cmb
Usuário 22,usuario22@exemplo.com,278.371.608-94,54610161819,29085359789,"Travessa do Sol, N° 406, Bairro 35",Não sou militar
Usuário 23,usuario23@exemplo.com,582.870.961-54,687850486025,29085359789,"Rua Tiradentes, N° 958, Bairro 11",2° Cia Eng Cmb
Usuário 24,usuario24@exemplo.com,971.698.123-63,79364562423,29085359789,"Rua Tiradentes, N° 177, Bairro 23",H Gu A
Usuário 25,usuario25@exemplo.com,432.309.257-18,810099237359,29085359789,"Rua Tiradentes, N° 451, Bairro 40",H Gu A
Usuário 26,usuario26@exemplo.com,357.655.534-00,975458288605,29085359789,"Rua das Flores, N° 462, Bairro 35",12° BE Cmb
Usuário 27,usuario27@exemplo.com,695.073.423-97,241817916,29085359789,"Rua Tiradentes, N° 692, Bairro 49",12° Cia Com
Usuário 28,usuario28@exemplo.com,184.235.130-33,768878788351,29085359789,"Travessa do Sol, N° 999, Bairro 46",12° Cia Com
Usuário 29,usuario29@exemplo.com,843.903.024-00,18265135152,29085359789,"Rua das Flores, N° 485, Bairro 11",12° BE Cmb
Usuário 30,usuario30@exemplo.com,460.345.093-19,13525307922,29085359789,"Rua Tiradentes, N° 143, Bairro 3",12° BE Cmb
Usuário 31,usuario31@exemplo.com,975.863.372-41,33152612007,29085359789,"Travessa do Sol, N° 170, Bairro 36",Não sou militar
Usuário 32,usuario32@exemplo.com,595.544.808-06,653472021364,29085359789,"Rua das Flores, N° 302, Bairro 15",10° B Log
Usuário 33,usuario33@exemplo.com,882.918.376-86,69297071863,29085359789,"Rua das Flores, N° 938, Bairro 6",Não sou militar
Usuário 34,usuario34@exemplo.com,208.211.448-12,875048007501,29085359789,"Rua das Flores, N° 361, Bairro 18",H Gu A
Usuário 35,usuario35@exemplo.com,734.754.880-27,296367216699,29085359789,"Travessa do Sol, N° 148, Bairro 43",6° RCB
Usuário 36,usuario36@exemplo.com,047.571.747-30,374267495288,29085359789,"Rua das Flores, N° 958, Bairro 31",Não sou militar
Usuário 37,usuario37@exemplo.com,333.873.418-22,930928893735,29085359789,"Av. Paulista, N° 937, Bairro 6",6° RCB
Usuário 38,usuario38@exemplo.com,234.467.842-50,56373025559,29085359789,"Rua das Flores, N° 890, Bairro 1",12° Cia Com
Usuário 39,usuario39@exemplo.com,632.092.567-13,6331021602,29085359789,"Rua das Flores, N° 850, Bairro 37",2° Cia Eng Cmb
Usuário 40,usuario40@exemplo.com,600.211.277-43,47286801883,29085359789,"Rua Tiradentes, N° 617, Bairro 34",12° Cia Com
Usuário 41,usuario41@exemplo.com,116.118.289-61,707608689753,29085359789,"Av. Paulista, N° 724, Bairro 26",12° BE Cmb
Usuário 42,usuario42@exemplo.com,447.793.429-70,571726187155,29085359789,"Av. Central, N° 395, Bairro 28",6° RCB
Usuário 43,usuario43@exemplo.com,720.288.942-02,671672162258,29085359789,"Rua Tiradentes, N° 572, Bairro 48",6° RCB
Usuário 44,usuario44@exemplo.com,822.222.662-20,43549213042,29085359789,"Rua Tiradentes, N° 689, Bairro 13",6° RCB
Usuário 45,usuario45@exemplo.com,691.349.082-85,980766387189,29085359789,"Rua Tiradentes, N° 710, Bairro 17",2° Cia Eng Cmb
Usuário 46,usuario46@exemplo.com,935.520.281-45,30714969749,29085359789,"Rua Tiradentes, N° 64, Bairro 16",H Gu A
Usuário 47,usuario47@exemplo.com,851.103.708-00,500509393237,29085359789,"Rua Tiradentes, N° 339, Bairro 16",12° Cia Com
Usuário 48,usuario48@exemplo.com,636.275.374-75,17496704665,29085359789,"Av. Central, N° 607, Bairro 37",10° B Log
Usuário 49,usuario49@exemplo.com,711.611.001-13,308469801434,29085359789,"Av. Paulista, N° 313, Bairro 44",10° B Log
Usuário 50,usuario50@exemplo.com,000.186.746-66,50803631414,29085359789,"Av. Paulista, N° 505, Bairro 3",H Gu A
Usuário 51,usuario51@exemplo.com,144.965.667-61,4049261430,29085359789,"Travessa do Sol, N° 837, Bairro 48",Não sou militar
Usuário 52,usuario52@exemplo.com,337.262.396-77,904306560653,29085359789,"Av. Paulista, N° 514, Bairro 40",12° Cia Com
Usuário 53,usuario53@exemplo.com,901.499.488-59,96901962160,29085359789,"Travessa do Sol, N° 561, Bairro 11",12° Cia Com
Usuário 54,usuario54@exemplo.com,901.969.802-83,433807370540,29085359789,"Av. Paulista, N° 982, Bairro 41",Não sou militar
Usuário 55,usuario55@exemplo.com,837.684.012-60,52216240017,29085359789,"Av. Central, N° 267, Bairro 45",12° Cia Com
Usuário 56,usuario56@exemplo.com,119.390.891-40,982821732472,29085359789,"Av. Central, N° 943, Bairro 22",Não sou militar
Usuário 57,usuario57@exemplo.com,279.562.744-27,84428807529,29085359789,"Rua das Flores, N° 705, Bairro 26",6° RCB
Usuário 58,usuario58@exemplo.com,787.360.257-55,785104012008,29085359789,"Travessa do Sol, N° 99, Bairro 20",H Gu A
Usuário 59,usuario59@exemplo.com,261.477.416-24,847822123868,29085359789,"Rua Tiradentes, N° 874, Bairro 1",10° B Log
Usuário 60,usuario60@exemplo.com,335.731.506-83,38037666401,29085359789,"Av. Paulista, N° 401, Bairro 49",H Gu A
Usuário 61,usuario61@exemplo.com,771.094.736-00,37969538256,29085359789,"Rua Tiradentes, N° 318, Bairro 37",12° Cia Com
Usuário 62,usuario62@exemplo.com,988.523.556-69,31881040150,29085359789,"Travessa do Sol, N° 589, Bairro 31",H Gu A
Usuário 63,usuario63@exemplo.com,700.830.534-68,11995432397,29085359789,"Rua Tiradentes, N° 2, Bairro 38",6° RCB
Usuário 64,usuario64@exemplo.com,358.750.161-08,433344300945,29085359789,"Rua das Flores, N° 212, Bairro 4",10° B Log
Usuário 65,usuario65@exemplo.com,133.428.357-53,18890002695,29085359789,"Rua das Flores, N° 266, Bairro 16",H Gu A
Usuário 66,usuario66@exemplo.com,421.575.855-67,911699253297,29085359789,"Travessa do Sol, N° 482, Bairro 25",H Gu A
Usuário 67,usuario67@exemplo.com,306.666.619-01,117620268593,29085359789,"Rua Tiradentes, N° 517, Bairro 13",12° Cia Com
Usuário 68,usuario68@exemplo.com,477.743.058-82,16059416978,29085359789,"Travessa do Sol, N° 134, Bairro 7",10° B Log
Usuário 69,usuario69@exemplo.com,759.674.153-35,800574251371,29085359789,"Av. Central, N° 366, Bairro 43",2° Cia Eng Cmb
Usuário 70,usuario70@exemplo.com,509.413.418-36,36981247902,29085359789,"Av. Paulista, N° 21, Bairro 8",10° B Log
Usuário 71,usuario71@exemplo.com,708.061.814-27,178474448621,29085359789,"Av. Central, N° 689, Bairro 9",12° Cia Com
Usuário 72,usuario72@exemplo.com,548.814.658-05,47747925386,29085359789,"Rua Tiradentes, N° 752, Bairro 46",10° B Log
Usuário 73,usuario73@exemplo.com,670.655.743-93,168651786145,29085359789,"Travessa do Sol, N° 553, Bairro 19",2° Cia Eng Cmb
Usuário 74,usuario74@exemplo.com,848.845.117-27,56734163967,29085359789,"Rua Tiradentes, N° 617, Bairro 44",12° BE Cmb
Usuário 75,usuario75@exemplo.com,585.384.961-15,29087832821,29085359789,"Av. Central, N° 666, Bairro 42",2° Cia Eng Cmb
Usuário 76,usuario76@exemplo.com,473.695.178-88,589316360875,29085359789,"Av. Paulista, N° 527, Bairro 14",H Gu A
Usuário 77,usuario77@exemplo.com,431.930.471-39,897409245975,29085359789,"Av. Central, N° 618, Bairro 47",6° RCB
Usuário 78,usuario78@exemplo.com,723.616.961-77,46103515631,29085359789,"Av. Paulista, N° 920, Bairro 38",10° B Log
Usuário 79,usuario79@exemplo.com,890.451.980-29,603062596975,29085359789,"Av. Central, N° 337, Bairro 17",H Gu A
Usuário 80,usuario80@exemplo.com,542.723.389-00,899240332767,29085359789,"Av. Paulista, N° 342, Bairro 38",12° Cia Com
Usuário 81,usuario81@exemplo.com,593.563.649-23,97135083427,29085359789,"Rua Tiradentes, N° 404, Bairro 9",2° Cia Eng Cmb
Usuário 82,usuario82@exemplo.com,957.803.070-32,87303944459,29085359789,"Travessa do Sol, N° 286, Bairro 10",6° RCB
Usuário 83,usuario83@exemplo.com,886.028.922-09,6190528181,29085359789,"Travessa do Sol, N° 79, Bairro 17",H Gu A
Usuário 84,usuario84@exemplo.com,677.248.018-00,50864640476,29085359789,"Av. Central, N° 339, Bairro 20",H Gu A
Usuário 85,usuario85@exemplo.com,289.735.432-10,69220784726,29085359789,"Av. Paulista, N° 563, Bairro 13",Não sou militar
Usuário 86,usuario86@exemplo.com,459.302.094-80,958680840570,29085359789,"Av. Paulista, N° 775, Bairro 26",H Gu A
Usuário 87,usuario87@exemplo.com,920.285.753-95,89241221737,29085359789,"Rua das Flores, N° 438, Bairro 26",12° Cia Com
Usuário 88,usuario88@exemplo.com,203.090.819-39,64227697918,29085359789,"Rua das Flores, N° 369, Bairro 35",6° RCB
Usuário 89,usuario89@exemplo.com,656.705.181-79,330932672885,29085359789,"Rua das Flores, N° 806, Bairro 14",12° BE Cmb
Usuário 90,usuario90@exemplo.com,000.338.188-94,96455926523,29085359789,"Travessa do Sol, N° 708, Bairro 43",H Gu A
Usuário 91,usuario91@exemplo.com,135.140.656-67,48870859885,29085359789,"Av. Central, N° 235, Bairro 35",Não sou militar
Usuário 92,usuario92@exemplo.com,182.648.673-91,29811525630,29085359789,"Rua Tiradentes, N° 742, Bairro 1",Não sou militar
Usuário 93,usuario93@exemplo.com,786.520.940-12,30253632650,29085359789,"Av. Central, N° 278, Bairro 4",10° B Log
Usuário 94,usuario94@exemplo.com,653.974.573-70,85206262539,29085359789,"Travessa do Sol, N° 315, Bairro 47",H Gu A
Usuário 95,usuario95@exemplo.com,691.658.718-04,406406790981,29085359789,"Rua das Flores, N° 709, Bairro 40",10° B Log
Usuário 96,usuario96@exemplo.com,556.699.556-09,125424370562,29085359789,"Travessa do Sol, N° 954, Bairro 39",H Gu A
Usuário 97,usuario97@exemplo.com,090.014.872-11,531269239771,29085359789,"Av. Central, N° 687, Bairro 4",12° Cia Com
Usuário 98,usuario98@exemplo.com,363.512.548-25,893025329033,29085359789,"Travessa do Sol, N° 434, Bairro 25",Não sou militar
Usuário 99,usuario99@exemplo.com,614.626.500-40,470065926554,29085359789,"Av. Paulista, N° 6, Bairro 31",10° B Log
Usuário 100,usuario100@exemplo.com,641.738.212-55,50590319703,29085359789,"Rua das Flores, N° 116, Bairro 31",12° Cia Com